fitlibrary.flow.GlobalActionScope,uses,fitlibrary.traverse.workflow.DoTraverse,0,1,0,Fail
fitlibrary.runtime.RuntimeContextInternal,uses,fitlibrary.flow.GlobalActionScope,0,1,0,Fail
fitlibrary.typed.NonGenericTyped,uses,fitlibrary.parser.lookup.ParserSelectorForType,0,1,0,Fail
fitlibrary.traverse.Evaluator,uses,fitlibrary.runtime.RuntimeContextInternal,0,1,0,Fail
fitlibrary.traverse.workflow.DoTraverse,uses,fitlibrary.typed.NonGenericTyped,0,1,0,Fail
fitlibrary.typed.TypedObject,uses,fitlibrary.runtime.RuntimeContextInternal,0,1,0,Fail
fitlibraryGeneric.typed.GenericTyped,uses,fitlibrary.parser.lookup.ParserSelectorForType,0,1,0,Fail
fitlibrary.parser.lookup.ParserSelectorForType,uses,fitlibraryGeneric.set.SetParser2,0,1,0,Fail
fitlibrary.parser.Parser,uses,fitlibrary.traverse.Evaluator,0,1,0,Fail
fitlibrary.traverse.Traverse,uses,fitlibrary.typed.NonGenericTyped,0,1,0,Fail
fitlibrary.utility.ClassUtility,uses,fitlibrary.flow.GlobalActionScope,0,1,0,Fail
fitlibrary.global.PlugBoard,uses,fitlibrary.closure.LookupClosureStandard,0,1,0,Fail
fitlibrary.global.PlugBoard,uses,fitlibrary.closure.LookupMethodTargetStandard,0,1,0,Fail
fitlibrary.traverse.workflow.DoTraverseInterpreter,uses,fitlibrary.flow.DoAutoWrapper,0,1,0,Fail
fitlibrary.parser.lookup.ParserSelectorForType,uses,fitlibraryGeneric.list.ListParser2,0,1,0,Fail
fitlibrary.closure.LookupMethodTargetStandard,uses,fitlibraryGeneric.typed.GenericTypedObject,0,1,0,Fail
fitlibrary.closure.LookupClosureStandard,uses,fitlibrary.utility.ClassUtility,0,0,0,Pass
source,type,target,isInstiationFailed,precondFailed,isCompilationFailed,result
fitlibrary.parser.Parser,uses,fitlibrary.typed.TypedObject,0,1,0,Fail
fitlibrary.flow.GlobalActionScope,uses,fitlibrary.traverse.workflow.RandomSelectTraverse,0,1,0,Fail
fitlibrary.table.CellOnList,uses,fitlibrary.global.PlugBoard,0,0,0,Pass
fitlibrary.traverse.Traverse,uses,fitlibraryGeneric.typed.GenericTyped,0,1,0,Fail
fitlibrary.closure.LookupClosureStandard,uses,fitlibrary.flow.GlobalActionScope,0,1,0,Fail
fitlibrary.table.RowOnList,uses,fitlibrary.global.PlugBoard,0,0,0,Pass
fitlibrary.flow.GlobalActionScope,uses,fitlibrary.traverse.CommentTraverse,0,1,0,Fail
fitlibrary.typed.Typed,uses,fitlibrary.traverse.Evaluator,0,1,0,Fail
fitlibrary.table.TableFactory,uses,fitlibrary.tableOnParse.RowOnParse,0,1,0,Fail
fitlibrary.tableOnParse.RowOnParse,uses,fitlibrary.global.PlugBoard,0,0,0,Pass
fitlibrary.tableOnParse.CellOnParse,uses,fitlibrary.global.PlugBoard,0,0,0,Pass
fitlibrary.parser.lookup.ParserSelectorForType,uses,fitlibrary.parser.collection.ListParser,0,0,0,Pass
fitlibrary.parser.lookup.ParserSelectorForType,uses,fitlibrary.parser.collection.SetParser,0,0,1,Fail
fitlibrary.parser.lookup.ParserSelectorForType,uses,fitlibraryGeneric.map.MapParser2,0,1,0,Fail
fitlibrary.traverse.Traverse,uses,fitlibrary.flow.GlobalActionScope,0,1,0,Fail
fitlibrary.traverse.Traverse,uses,fitlibraryGeneric.typed.GenericTypedObject,0,1,0,Fail
fitlibrary.utility.ClassUtility,uses,fitlibrary.traverse.CompareFilesTraverse,0,1,0,Fail
fitlibrary.traverse.workflow.DoTraverse,uses,fitlibrary.traverse.workflow.special.PrefixSpecialAction,0,1,0,Fail
fitlibrary.parser.lookup.ParserSelectorForType,uses,fitlibrary.parser.DelegatingParser,0,1,0,Fail
fitlibrary.parser.DelegatingParser,uses,fitlibrary.object.DomainObjectCheckTraverse,0,1,0,Fail
fitlibrary.parser.collection.SetParser,uses,fitlibrary.traverse.FitLibrarySelector,0,0,1,Fail
fitlibrary.traverse.workflow.DoTraverse,uses,fitlibrary.global.PlugBoard,0,0,0,Pass
fitlibrary.traverse.Traverse,uses,fitlibrary.global.PlugBoard,0,0,0,Pass
fitlibrary.flow.GlobalActionScope,uses,fitlibrary.xref.CrossReferenceFixture,0,1,0,Fail
fitlibrary.traverse.workflow.DoTraverse,uses,fitlibrary.utility.ClassUtility,0,0,1,Fail
fitlibrary.parser.DelegatingParser,uses,fitlibrary.object.DomainObjectSetUpTraverse,0,1,0,Fail
fitlibrary.traverse.FitLibrarySelector,uses,fitlibrary.DomainFixture,0,1,0,Fail
fitlibrary.utility.ClassUtility,uses,fitlibrary.global.PlugBoard,0,0,0,Pass
fitlibrary.traverse.workflow.DoTraverse,uses,fitlibrary.traverse.function.CalculateTraverse,0,1,0,Fail
fitlibrary.flow.DoAutoWrapper,uses,fitlibrary.parser.collection.ListParser,0,0,0,Pass
fitlibrary.closure.CalledMethodTarget,uses,fitlibrary.runtime.RuntimeContextInternal,0,1,0,Fail
fitlibrary.flow.GlobalActionScope,uses,fitlibrary.traverse.workflow.SetVariableTraverse,0,1,0,Fail
fitlibrary.traverse.workflow.DoTraverse,uses,fitlibrary.traverse.function.ConstraintTraverse,0,1,0,Fail
fitlibrary.flow.DoAutoWrapper,uses,fitlibrary.parser.collection.SetParser,0,0,1,Fail
fitlibrary.traverse.workflow.DoTraverseInterpreter,uses,fitlibraryGeneric.typed.GenericTypedObject,0,1,0,Fail
fitlibrary.flow.DoAutoWrapper,uses,fitlibrary.collection.CollectionTraverse,0,1,0,Fail
fitlibrary.flow.GlobalActionScope,uses,fitlibrary.suite.SuiteFixture,0,1,0,Fail
fitlibrary.utility.ClassUtility,uses,fitlibrary.closure.LookupMethodTargetStandard,0,1,0,Fail
fitlibrary.traverse.function.ConstraintTraverse,uses,fitlibrary.global.PlugBoard,0,0,0,Pass
fitlibrary.flow.GlobalActionScope,uses,fitlibrary.DefineAction,0,1,0,Fail
fitlibrary.parser.lookup.ParserSelectorForType,uses,fitlibrary.parser.collection.ArrayParser,0,1,0,Fail
fitlibrary.traverse.Traverse,uses,fitlibrary.parser.lookup.ParseDelegation,0,0,1,Fail
fitlibrary.closure.LookupMethodTarget,uses,fitlibrary.typed.TypedObject,0,1,0,Fail
fitlibrary.closure.Closure,uses,fitlibrary.typed.TypedObject,0,1,0,Fail
fitlibrary.traverse.function.CalculateTraverse,uses,fitlibrary.global.PlugBoard,0,0,0,Pass
fitlibrary.parser.lookup.ParserSelectorForType,uses,fitlibrary.object.DomainObjectParser,0,1,0,Fail
fitlibrary.traverse.workflow.caller.ValidCall,uses,fitlibrary.flow.GlobalActionScope,0,1,0,Fail
fitlibrary.flow.DoAutoWrapper,uses,fitlibrary.parser.collection.MapParser,0,0,1,Fail
fitlibraryGeneric.set.SetParser2,uses,fitlibraryGeneric.list.ListSetUpTraverse2,0,1,0,Fail
fitlibrary.traverse.workflow.DoTraverseInterpreter,uses,fitlibrary.global.PlugBoard,0,0,0,Pass
fitlibraryGeneric.typed.GenericTypedObject,uses,fitlibrary.global.PlugBoard,0,0,1,Fail
fitlibrary.closure.Closure,uses,fitlibrary.traverse.Evaluator,0,1,0,Fail
fitlibrary.typed.TypedObject,uses,fitlibrary.closure.CalledMethodTarget,0,1,0,Fail
fitlibrary.flow.DoAutoWrapper,uses,fitlibrary.parser.collection.ArrayParser,0,0,1,Fail
fitlibrary.closure.ICalledMethodTarget,uses,fitlibrary.parser.Parser,0,1,0,Fail
fitlibrary.parser.lookup.ParserSelectorForType,uses,fitlibrary.parser.table.TableParser,0,1,0,Fail
fitlibrary.traverse.workflow.DoTraverse,uses,fitlibrary.parser.graphic.GraphicParser,0,1,0,Fail
fitlibrary.parser.lookup.ParserFactory,uses,fitlibrary.traverse.Evaluator,0,1,0,Fail
fitlibrary.flow.IScope,uses,fitlibrary.traverse.Evaluator,0,1,0,Fail
fitlibrary.parser.lookup.ParserSelectorForType,uses,fitlibrary.parser.tagged.TaggedStringParser,0,0,1,Fail
fitlibrary.traverse.workflow.DoTraverseInterpreter,uses,fitlibrary.traverse.workflow.caller.PostFixSpecialCaller,0,1,0,Fail
fitlibrary.parser.lookup.ParserSelectorForType,uses,fitlibrary.parser.EnumParser,0,1,0,Fail
fitlibrary.parser.lookup.ParserSelectorForType,uses,fitlibrary.parser.tree.TreeParser,0,1,0,Fail
fitlibrary.parser.lookup.ParserSelectorForType,uses,fitlibrary.parser.ByStringParser,0,1,0,Fail
fitlibrary.traverse.FitLibrarySelector,uses,fitlibrary.traverse.workflow.DoTraverse,0,1,0,Fail
fitlibrary.flow.DoAutoWrapper,uses,fitlibrary.traverse.function.RuleTable,0,1,0,Fail
fitlibraryGeneric.typed.GenericTypedObject,uses,fitlibrary.runtime.RuntimeContextInternal,0,1,0,Fail
fitlibrary.traverse.TableEvaluator,uses,fitlibrary.typed.TypedObject,0,1,0,Fail
fitlibrary.parser.collection.MapParser,uses,fitlibrary.collection.map.MapSetUpTraverse,0,1,0,Fail
fitlibrary.typed.NonGenericTyped,uses,fitlibrary.object.NonGenericFinder,0,1,0,Fail
fitlibrary.parser.lookup.GetterParser,uses,fitlibrary.traverse.Evaluator,0,1,0,Fail
fitlibrary.collection.CollectionTraverse,uses,fitlibrary.closure.ConstantMethodTarget,0,1,0,Fail
fitlibrary.traverse.Traverse,uses,fitlibrary.closure.LookupMethodTargetStandard,0,1,0,Fail
fitlibrary.definedAction.DefinedActionsRepository,uses,fitlibrary.runtime.RuntimeContextInternal,0,1,0,Fail
fitlibrary.closure.LookupMethodTargetStandard,uses,fitlibrary.runtime.RuntimeContextInternal,0,1,0,Fail
fitlibrary.parser.ByStringParser,uses,fitlibrary.traverse.Traverse,0,0,0,Pass
fitlibrary.DefineAction,uses,fitlibrary.traverse.workflow.caller.DefinedActionCaller,0,0,0,Pass
fitlibrary.closure.LookupMethodTarget,uses,fitlibrary.traverse.Evaluator,0,1,0,Fail
fitlibraryGeneric.typed.GenericTypedObject,uses,fitlibrary.traverse.workflow.caller.ValidCall,0,1,0,Fail
fitlibraryGeneric.set.SetParser2,uses,fitlibraryGeneric.list.NestingListSetUpTraverse,0,1,0,Fail
fitlibraryGeneric.set.SetParser2,uses,fitlibrary.collection.CollectionSetUpTraverse,0,0,0,Pass
fitlibrary.flow.IScope,uses,fitlibrary.typed.TypedObject,0,1,0,Fail
